{"name":"return_reason","identifier":"6HOSG6HUGO","description":null,"slotTypeValues":[{"sampleValue":{"value":"大小不合适"},"synonyms":null},{"sampleValue":{"value":"包装破损"},"synonyms":null},{"sampleValue":{"value":"产品有损坏"},"synonyms":null},{"sampleValue":{"value":"价格比其他商家高"},"synonyms":null},{"sampleValue":{"value":"其他原因"},"synonyms":null}],"parentSlotTypeSignature":null,"valueSelectionSetting":{"resolutionStrategy":"TOP_RESOLUTION","regexFilter":null}}