{"name":"order_id","identifier":"W8KHN7GML4","description":null,"slotTypeValues":[{"sampleValue":{"value":"order001"},"synonyms":null},{"sampleValue":{"value":"order002"},"synonyms":null},{"sampleValue":{"value":"order003"},"synonyms":null},{"sampleValue":{"value":"order004"},"synonyms":null},{"sampleValue":{"value":"order005"},"synonyms":null},{"sampleValue":{"value":"return001"},"synonyms":null},{"sampleValue":{"value":"return002"},"synonyms":null},{"sampleValue":{"value":"return003"},"synonyms":null},{"sampleValue":{"value":"return004"},"synonyms":null},{"sampleValue":{"value":"return005"},"synonyms":null}],"parentSlotTypeSignature":null,"valueSelectionSetting":{"resolutionStrategy":"ORIGINAL_VALUE","regexFilter":null}}